index,title,job_id,register_date,company,location,time_opened,link,applications,experience_level,job_type,role,sectors,description
0,Analista de Informa√ß√£o de Dados Junior,3834863799,2024-03-07,Coca-Cola FEMSA,Greater S√£o Paulo Area,1 week ago,https://br.linkedin.com/jobs/view/analista-de-informa%C3%A7%C3%A3o-de-dados-junior-at-coca-cola-femsa-3834863799?refId=MhcZ6wAlupgQ%2FnV1FQ4L9A%3D%3D&trackingId=3U0bSaMFaf5Evx2VERLzmw%3D%3D&position=1&pageNum=0&trk=public_jobs_jserp-result_search-card,NA,NA,NA,NA,NA,NA
1,Fa√ßa sua Carreira de Dados no Ita√∫ üöÄüß°,3684180320,2024-03-07,Ita√∫ Unibanco,"S√£o Paulo, S√£o Paulo, Brazil",7 months ago,https://br.linkedin.com/jobs/view/fa%C3%A7a-sua-carreira-de-dados-no-ita%C3%BA-%F0%9F%9A%80%F0%9F%A7%A1-at-ita%C3%BA-unibanco-3684180320?refId=MhcZ6wAlupgQ%2FnV1FQ4L9A%3D%3D&trackingId=HXe%2FtCMLDxObgAAxXzEjyw%3D%3D&position=2&pageNum=0&trk=public_jobs_jserp-result_search-card,NA,NA,NA,NA,NA,NA
2,ANALISTA DE DADOS JR,3839126983,2024-03-07,Banco BBC Digital,"S√£o Paulo, S√£o Paulo, Brazil",1 week ago,https://br.linkedin.com/jobs/view/analista-de-dados-jr-at-banco-bbc-digital-3839126983?refId=MhcZ6wAlupgQ%2FnV1FQ4L9A%3D%3D&trackingId=LtO0gogPtPLIslOIPaClMA%3D%3D&position=3&pageNum=0&trk=public_jobs_jserp-result_search-card,NA,NA,NA,NA,NA,NA
3,Analista de Distribui√ß√£o JR (Fretes),3830751640,2024-03-07,Cacau Show,"S√£o Paulo, S√£o Paulo, Brazil",3 weeks ago,https://br.linkedin.com/jobs/view/analista-de-distribui%C3%A7%C3%A3o-jr-fretes-at-cacau-show-3830751640?refId=MhcZ6wAlupgQ%2FnV1FQ4L9A%3D%3D&trackingId=bEclg8NTsH%2Br646dj1gTtg%3D%3D&position=4&pageNum=0&trk=public_jobs_jserp-result_search-card,Mais de 200 candidaturas,N√£o aplic√°vel,Tempo integral,Gerenciamento e Manufatura,Fabrica√ß√£o de produtos aliment√≠cios e bebidas,"Quer fazer parte da nossa turma?S√£o mais 30 anos recheados de aprendizados e doces conquistas. A Cultura vivenciada na empresa traduz a ess√™ncia de quem somos e onde queremos chegar.Vivemos para Juntos tocar a vida das pessoas compartilhando momentos especiais.Ingredientes como Foco, Atitude, Uni√£o, Alegria e muita Paix√£o por realizar nos impulsiona a fazer sempre o melhor, transformando o Ordin√°rio em Extraordin√°rio.A nossa turma √© formada por pessoas que fazem da Cacau show um lugar especial para se trabalhar, onde todos s√£o tratados com igualdade, independentemente de g√™nero, ra√ßa, idade, origem ou orienta√ß√£o sexual, sendo nosso processo baseado em meritocracia.Na Cacau todos s√£o Show!!!Se voc√™ √© apaixonado pelo que faz, possui senso de dono e muito ‚Äúg√°s‚Äù para trabalhar, essa vaga √© a sua cara!!!Responsabilidades e atribui√ß√µesAn√°lise e acompanhamento dos custos de fretes, desde a realiza√ß√£o at√© o gerenciamento de or√ßamentos, avaliando os cen√°rios para identificar desvios e apoiar discuss√µes da lideran√ßa quanto a implementa√ß√£o de a√ß√µes de melhorias na malha de distribui√ß√£o e redu√ß√£o de custos.Elaborar base para c√°lculo do or√ßamento de frete da √°rea de transporte (transporte prim√°rio e secund√°rio);Acompanhar os resultados do or√ßamento de frete, comparar as premissas utilizadas com os resultados e cen√°rios reais (peso regi√£o, tabelas de frete, dispers√£o de peso bruto e peso l√≠quido, impactos frete spot, etc) ‚Äì vis√£o desvios do or√ßamento;Simular custos de fretes com tabelas para cargas perfil lota√ß√£o e fracionadas (cen√°rios de reajustes de tarifas);Avaliar e implementar melhorias em procedimentos de transporte (vis√£o fretes) que estejam vinculados a ferramenta de TMS;Preparar apresenta√ß√µes para ger√™ncia e diretoria;Estabelecer relacionamento com os transportadores para entendimento das taxas/generalidades que comp√µe as tarifas de frete e reajustes contratuais;Elaborar relat√≥rios de fechamento (mensal e quinzenal) consolidando o custo do frete versus as metas de custo da √°rea - levantamento de dados espec√≠ficos e elaborar relat√≥rios (KPIs).Requisitos e qualifica√ß√µesSuperior cursando OU completo em Administra√ß√£o de Empresas, Log√≠stica e Engenharia e Afins;Pacote Office Avan√ßado, Power BI;Aplicativos da √°rea, como SAP, SSW, TMS em geral;Desej√°vel experi√™ncia em elabora√ß√£o/an√°lise de tabelas de frete.Informa√ß√µes adicionaisAssist√™ncia M√©dica;Assist√™ncia Odontol√≥gica;Seguro de Vida;Vale transporte/Fretado ou Estacionamento na empresa;Cesta B√°sica ou Vale alimenta√ß√£o;Restaurante na empresa;Academia e Sal√£o de Beleza na empresa;Desconto nos produtos Cacau Show (Matriz)."
4,Coordenador de frota,3830359467,2024-03-07,Coca-Cola FEMSA,"S√£o Paulo, S√£o Paulo, Brazil",2 weeks ago,https://br.linkedin.com/jobs/view/coordenador-de-frota-at-coca-cola-femsa-3830359467?refId=MhcZ6wAlupgQ%2FnV1FQ4L9A%3D%3D&trackingId=ITfZ0MZnocb7VhWeLqNAWg%3D%3D&position=5&pageNum=0&trk=public_jobs_jserp-result_search-card,NA,NA,NA,NA,NA,NA
5,Analista de Control Desk Jr,3817410776,2024-03-07,Mobly,"S√£o Paulo, S√£o Paulo, Brazil",1 month ago,https://br.linkedin.com/jobs/view/analista-de-control-desk-jr-at-mobly-3817410776?refId=MhcZ6wAlupgQ%2FnV1FQ4L9A%3D%3D&trackingId=oCEtAbgz357y7fWuLu6ELg%3D%3D&position=6&pageNum=0&trk=public_jobs_jserp-result_search-card,NA,NA,NA,NA,NA,NA
6,Analista Pleno de Melhoria da Experi√™ncia - Customer Experience,3825029697,2024-03-07,Mercado Livre Brasil,"Osasco, S√£o Paulo, Brazil",3 weeks ago,https://br.linkedin.com/jobs/view/analista-pleno-de-melhoria-da-experi%C3%AAncia-customer-experience-at-mercado-livre-3825029697?refId=MhcZ6wAlupgQ%2FnV1FQ4L9A%3D%3D&trackingId=il%2F8ouuUpYUO5I1u3H8dvw%3D%3D&position=7&pageNum=0&trk=public_jobs_jserp-result_search-card,Mais de 200 candidaturas,Pleno-s√™nior,Tempo integral,"Administra√ß√£o, Consultoria e Estrat√©gia/Planejamento","Tecnologia, Informa√ß√£o e Internet","No Mercado Livre, trabalhamos para promover uma cultura inclusiva, que busca a equidade e valoriza as diferentes perspectivas. Isso se traduz em g√™nero, religi√£o, pessoas com defici√™ncia, LGBTQI+, etnia, gera√ß√µes e diversidade de experi√™ncias. Trabalhamos todas as nossas vagas com base nessa premissa. Estamos democratizando o com√©rcio, o dinheiro e os pagamentos na Am√©rica Latina. Em Customer Experience, inspiramos confian√ßa nas pessoas que usam a nossa plataforma, gerando experi√™ncias extraordin√°rias. Estabelecemos uma conex√£o emocional em cada contato, oferecendo solu√ß√µes e excedendo expectativas, atrav√©s dos diversos canais de atendimento. Para isso, planejamos a capacidade da nossa opera√ß√£o, desenhamos modelos de atendimento, monitoramos a performance e gerenciamos o conhecimento de nossas equipes. Gere um impacto positivo nas experi√™ncias de milh√µes de pessoas, aprendendo com o mundo de e-commerce e fintech em um ambiente de trabalho desafiante e divertido! Temos um desafio para as pessoas que:Vibram energia empreendedora: s√£o movidas pela curiosidade, nunca desistem e est√£o focadas em superar seus pr√≥prios limites.D√£o o m√°ximo, porque adoram trabalhar com compromisso e dedica√ß√£o.Encaram as mudan√ßas como oportunidades e aprendem com seus erros.A excel√™ncia e a execu√ß√£o s√£o primordiais na sua forma de fazer as coisas.Promovem o bom clima, a alegria e a divers√£o.Sabem como construir com outras pessoas e desfrutam trabalhando em equipe. Imagine voc√™ empreendendo projetos desafiadores, din√¢micos e inovadores, e sendo respons√°vel por:Entender e antecipar os problemas dos usu√°rios, identificando oportunidades nos processos, servi√ßos e produtos que oferecemos, reduzindo os atritos pela raiz, quando poss√≠vel.Identificar oportunidades de melhoria com base em an√°lise de dados e vari√°veis, como taxa de contato e NPSGerar inst√¢ncias de melhoria cont√≠nua, quantificando os atritos e cocriando solu√ß√µes para proporcionar uma experi√™ncia extraordin√°ria com os nossos produtos.Buscar solu√ß√µes completas e eficazes para o problema do usu√°rio que precisa entrar em contato, al√©m de ferramentas para que a opera√ß√£o possa resolv√™-los.Interagir com as equipes de Produto e Neg√≥cios para segmento, implementa√ß√£o e medi√ß√£o de iniciativas de melhoriaRequisitos:Possuir forma√ß√£o superior em Engenharia, Administra√ß√£o e Sistemas, Economia, Ci√™ncias Exatas ou √°reas correlatas.Dominar as ferramentas de Excel, Planilhas Google e Power Point ou Apresenta√ß√µes Google.Ter conhecimento de bancos de dados, como SQL ou Teradata, √© desej√°vel.N√≥s lhe propomos:Ser parte de uma empresa com esp√≠rito empreendedor, na qual adoramos pensar grande e em longo prazo.Ser protagonista de seu desenvolvimento em um ambiente de oportunidades, aprendizagem, crescimento, expans√£o e projetos desafiadores. Compartilhar e aprender em equipe, com excelentes profissionais e especialistas.Um excelente clima de trabalho, com todo o necess√°rio para voc√™ viver uma grande experi√™ncia. :) O Mercado Livre n√£o faz contato oferecendo oportunidades em troca de pagamento de dinheiro. Voc√™ tem acesso a todas as oportunidades abertas no nosso site de carreiras. Caso receba pedidos de dinheiro, desconfie!"
7,Analytics Engineer Junior,3843082806,2024-03-07,XP Inc.,"S√£o Paulo, S√£o Paulo, Brazil",1 day ago,https://br.linkedin.com/jobs/view/analytics-engineer-junior-at-xp-inc-3843082806?refId=MhcZ6wAlupgQ%2FnV1FQ4L9A%3D%3D&trackingId=FynPFTJpOiUTifSZbZxMng%3D%3D&position=8&pageNum=0&trk=public_jobs_jserp-result_search-card,NA,NA,NA,NA,NA,NA
8,Analista de Informa√ß√µes Gerenciais Pleno,3847967460,2024-03-07,Brasilseg,"S√£o Paulo, S√£o Paulo, Brazil",1 day ago,https://br.linkedin.com/jobs/view/analista-de-informa%C3%A7%C3%B5es-gerenciais-pleno-at-brasilseg-3847967460?refId=MhcZ6wAlupgQ%2FnV1FQ4L9A%3D%3D&trackingId=CwCS77kCsgSFzISDYMIi%2Bg%3D%3D&position=9&pageNum=0&trk=public_jobs_jserp-result_search-card,NA,NA,NA,NA,NA,NA
9,Est√°gio em An√°lise de Dados,3815957638,2024-03-07,ESTAD√ÉO,"S√£o Paulo, S√£o Paulo, Brazil",1 month ago,https://br.linkedin.com/jobs/view/est%C3%A1gio-em-an%C3%A1lise-de-dados-at-estad%C3%A3o-3815957638?refId=MhcZ6wAlupgQ%2FnV1FQ4L9A%3D%3D&trackingId=1XSj66fnSBcid%2Bp9%2BGD6Ig%3D%3D&position=10&pageNum=0&trk=public_jobs_jserp-result_search-card,Mais de 200 candidaturas,N√£o aplic√°vel,Tempo integral,Educa√ß√£o e Treinamento,Assessoria em rela√ß√µes p√∫blicas e comunica√ß√£o,"O Estad√£o √© uma das maiores, mais importantes e s√≥lidas empresas de informa√ß√£o e comunica√ß√£o do Brasil. Acreditamos que a informa√ß√£o √© uma poderosa ferramenta de transforma√ß√£o social e que empodera e prepara as pessoas para os desafios do futuro. Com foco na inova√ß√£o e com os clientes no centro do nosso neg√≥cio estamos mudando nossa forma de pensar e trabalhar e passando por um processo de transforma√ß√£o digital que promete impactar (e muito) na vida dos nossos colaboradores e leitores. Quer fazer parte dessa hist√≥ria? Ent√£o vem pensar com a gente!Responsabilidades e atribui√ß√µesAuxiliar na rotina da √°rea de dados, na coleta, organiza√ß√£o e interpreta√ß√£o de informa√ß√µes relevantes para o neg√≥cio. Isso inclui manipula√ß√£o de dados, gera√ß√£o de relat√≥rios e visualiza√ß√£o de informa√ß√µes para apoiar uma tomada de decis√µes.Auxiliar na rotina da √°rea comercial, colaborar com nossa equipe de vendas e marketing, fornecendo insights baseados em dados que impulsionam estrat√©gias comerciais eficazes. Isso envolve uma an√°lise de tend√™ncias de mercado, comportamento do cliente e avalia√ß√£o de desempenho de campanhas.Contribuir com novas ideias e processos, encorajamos a inova√ß√£o e estamos abertos a novas ideias. Esperamos que voc√™ participe ativamente, propondo melhorias nos processos existentes e buscando abordagens criativas para resolver problemas.Requisitos e qualifica√ß√µes√â necess√°rio estar cursando Engenharia de produ√ß√£o, Administra√ß√£o, Ci√™ncia de Dados ou Sistemas da Informa√ß√£o;Ter interesse em atua√ß√£o direta com dados;Ser√° considerado um diferencial:Power BISQLBIGQUERYPacote OfficeDisponibilidade para atua√ß√£o em SP/ZN, modelo hibrido, no per√≠odo das 09:00 as 15:00.Informa√ß√µes adicionaisDay off de anivers√°rio;Casual every day;Vale Transporte;Restaurante Interno;Seguro de Vida;Acesso ao conte√∫do digital completo do Estad√£o;Descontos exclusivos em institui√ß√µes de ensino.Aux√≠lio Psicol√≥gico - Vittude;"
10,Analista Planejamento e Controle Junior,3818250890,2024-03-07,Solv√≠ Solu√ß√µes para a Vida,"S√£o Paulo, S√£o Paulo, Brazil",1 month ago,https://br.linkedin.com/jobs/view/analista-planejamento-e-controle-junior-at-solv%C3%AD-solu%C3%A7%C3%B5es-para-a-vida-3818250890?refId=MhcZ6wAlupgQ%2FnV1FQ4L9A%3D%3D&trackingId=7AO2JVbXtTlEWrj6H8%2BKcw%3D%3D&position=11&pageNum=0&trk=public_jobs_jserp-result_search-card,NA,N√£o aplic√°vel,Tempo integral,Desenvolvimento de neg√≥cios e Vendas,Fabrica√ß√£o de m√°quinas e equipamentos de uso industrial espec√≠fico,"A Solv√≠ √© uma holding controladora de empresas que atuam nos segmentos de Res√≠duos, Saneamento e Valoriza√ß√£o Energ√©tica. Com bases em todas as regi√µes do Pa√≠s, e em outros pa√≠ses da Am√©rica Latina. A √Årea de Efici√™ncia Operacional faz parte da Diretoria T√©cnica do Grupo, e tem como objetivo dar o suporte necess√°rio a todas as unidades do Grupo na busca pela Excel√™ncia Operacional e melhoria cont√≠nua. Neste contexto, nosso time de analistas e especialistas tem um importante papel de consolidar indicadores operacionais e financeiros das unidades, analisar os principais desvios e oportunidades, e direcionar as unidades nessa busca.Responsabilidades e atribui√ß√µesSua principal atua√ß√£o ser√° nas √°reas de Analytics e Controle, incluindo: Realizar an√°lises e estudos, propor e estruturar novas estrat√©gias e projetos relacionados ao neg√≥cio; Monitorar e avaliar o desempenho da opera√ß√£o de aterros sanit√°rios e da coleta de res√≠duos, identificando oportunidades de melhoria e propondo solu√ß√µes para os problemas identificados; Apoiar as unidades do grupo na implementa√ß√£o das melhorias operacionais desenhadas pela √°rea; Elaborar relat√≥rios e apresenta√ß√µes para as diretorias e unidades respons√°veis pela gest√£o de res√≠duos, demonstrando os resultados alcan√ßados e as a√ß√µes necess√°rias para melhorar a efici√™ncia da gest√£o de res√≠duos s√≥lidos; Construir Reports, Dashboards e KPI¬¥s.Requisitos e qualifica√ß√µesForma√ß√£o Gradua√ß√£o na √°rea de Engenharia, Log√≠stica ou Matem√°ticaExperi√™ncia 1 ano de experi√™ncia na √Årea de Log√≠stica, an√°lise de base de dados ou √°reas similaresConhecimentos espec√≠ficos e desej√°veis Bom conhecimento de t√©cnicas e ferramentas de an√°lise de sistemas (levantamento e documenta√ß√£o de casos de uso, levantamento e documenta√ß√£o de requisitos funcionais e n√£o funcionais, modelagem de dados, prototipa√ß√£o, etc); Conhecimento em metodologias √°geis de Gest√£o de Projetos; Conhecimento em Excel avan√ßado; Conhecimento b√°sico em banco de dados; Conhecimento em Tableau, PowerBi ou outras ferramentas de Data Visualization; Conhecimento em Python (desej√°vel); Boa comunica√ß√£o oral e escrita.Informa√ß√µes adicionaisPlano de sa√∫de e odontol√≥gico.Vale-refei√ß√£o e alimenta√ß√£o.Previd√™ncia privada.Translado das esta√ß√µes Butant√£ e Pinheiros at√© a empresa.Gympass.Programa de Remunera√ß√£o Vari√°vel (PPR).Seguro de vida."
11,Analista de BI,3847964680,2024-03-07,CNN Brasil,"S√£o Paulo, S√£o Paulo, Brazil",1 day ago,https://br.linkedin.com/jobs/view/analista-de-bi-at-cnn-brasil-3847964680?refId=MhcZ6wAlupgQ%2FnV1FQ4L9A%3D%3D&trackingId=%2FwFKOA3LGfElwQBWxX78%2Bg%3D%3D&position=12&pageNum=0&trk=public_jobs_jserp-result_search-card,NA,NA,NA,NA,NA,NA
12,Analista de Dados Junior - Petz Holding,3801767716,2024-03-07,Petz,"S√£o Paulo, S√£o Paulo, Brazil",1 month ago,https://br.linkedin.com/jobs/view/analista-de-dados-junior-petz-holding-at-petz-3801767716?refId=MhcZ6wAlupgQ%2FnV1FQ4L9A%3D%3D&trackingId=y0BHEpuK2Bl9tI26Hv4yYQ%3D%3D&position=13&pageNum=0&trk=public_jobs_jserp-result_search-card,NA,NA,NA,NA,NA,NA
13,Analista S√™nior Financeiro - Inova√ß√£o [Prazo Determinado],3759316990,2024-03-07,Natura,"S√£o Paulo, S√£o Paulo, Brazil",1 month ago,https://br.linkedin.com/jobs/view/analista-s%C3%AAnior-financeiro-inova%C3%A7%C3%A3o-prazo-determinado-at-natura-3759316990?refId=MhcZ6wAlupgQ%2FnV1FQ4L9A%3D%3D&trackingId=yEVkNOrw7j5YeDw0Lo7g5Q%3D%3D&position=14&pageNum=0&trk=public_jobs_jserp-result_search-card,NA,NA,NA,NA,NA,NA
14,Analista Administrativo Financeiro J√∫nior,3815963476,2024-03-07,Solv√≠ Solu√ß√µes para a Vida,"S√£o Paulo, S√£o Paulo, Brazil",1 month ago,https://br.linkedin.com/jobs/view/analista-administrativo-financeiro-j%C3%BAnior-at-solv%C3%AD-solu%C3%A7%C3%B5es-para-a-vida-3815963476?refId=MhcZ6wAlupgQ%2FnV1FQ4L9A%3D%3D&trackingId=hCqn8mpYtmYPSEg71B%2FO%2Fg%3D%3D&position=15&pageNum=0&trk=public_jobs_jserp-result_search-card,Mais de 200 candidaturas,N√£o aplic√°vel,Tempo integral,Desenvolvimento de neg√≥cios e Vendas,Fabrica√ß√£o de m√°quinas e equipamentos de uso industrial espec√≠fico,"Profissional atuar√° na √°rea de Novos Neg√≥cios juntamente ao time de Gerenciamento de Projetos de Valoriza√ß√£o Energ√©tica e de Projetos de Investimento.Responsabilidades e atribui√ß√µesParticipar na elabora√ß√£o do planejamento dos projetos do portif√≥lio.Realizar o monitoramento e controle do portif√≥lio.Apoiar os gerentes de projetos nas atividades de implanta√ß√£o dos projetos.Gerar relat√≥rios gerenciais peri√≥dicos.Colaborar na gest√£o de contratos relacionados aos projetos.Prestar suporte administrativo e financeiro a √°rea.Realizar apresenta√ß√µes e registros para reuni√µes gerenciais.Executar rotinas no ERP.Requisitos e qualifica√ß√µesForma√ß√£o superior em Administra√ß√£o, Ci√™ncias Cont√°beis, Economia ou Engenharia.Experi√™ncia pr√©via em fun√ß√µes administrativas ou financeiras.Conhecimento em pacote Office, Excel Avan√ßado, Power BI e Sistemas ERP.Habilidade em an√°lise de dados, elabora√ß√£o de relat√≥rios e apresenta√ß√µes para alta gest√£o.Boa comunica√ß√£o oral e escrita, bem como capacidade de trabalho em equipe.Boa capacidade de planejamento de tarefas.Proatividade, organiza√ß√£o e habilidade para lidar com prazos e demandas din√¢micas.Informa√ß√µes adicionais‚úîÔ∏è Vale Refei√ß√£oüçΩÔ∏è‚úîÔ∏è Vale Alimenta√ß√£o ü•ò‚úîÔ∏è Assist√™ncia M√©dica (sem coparticipa√ß√£o) üè•‚úîÔ∏è Assist√™ncia Odontol√≥gica ü¶∑‚úîÔ∏è Seguro de Vida em grupo üîê‚úîÔ∏è Programa de Remunera√ß√£o Vari√°vel üí∏‚úîÔ∏è Previd√™ncia Privada üè¶‚úîÔ∏è Aux√≠lio Creche üë∂‚úîÔ∏è Parceria com Gympass üèãüèø‚Äç‚ôÄÔ∏è‚úîÔ∏è Translado das esta√ß√µes Butant√£ e Pinheiros at√© a empresa üöå"
15,Especialista de An√°lise de Dados I (Corporativo - SP),3834919262,2024-03-07,Ambev,"S√£o Paulo, S√£o Paulo, Brazil",2 weeks ago,https://br.linkedin.com/jobs/view/especialista-de-an%C3%A1lise-de-dados-i-corporativo-sp-at-ambev-3834919262?refId=MhcZ6wAlupgQ%2FnV1FQ4L9A%3D%3D&trackingId=vAie2zjQ9BngWyR0s20tGg%3D%3D&position=16&pageNum=0&trk=public_jobs_jserp-result_search-card,Mais de 200 candidaturas,Pleno-s√™nior,Tempo integral,Outro,Servi√ßos de alimenta√ß√£o e bebidas,"Job DescriptionAtualmente a nossa Cultura passa por um processo de transforma√ß√£o e evolu√ß√£o. A nossa hist√≥ria e o nosso jeito de ser s√£o marcados por sonhos grandes que nos trouxeram at√© aqui e que nos enchem de orgulho! Mas acreditamos que o momento de evoluir √© sempre o agora e poder fazer isso junto com a nossa gente √© o que torna nossa jornada ainda mais incr√≠vel. Nossa cultura honra o passado e hoje tamb√©m √© norteada por 3 principais valores que nos guiam para sermos uma cia cada vez mais inclusiva, diversa, colaborativa, tecnol√≥gica e conectada ao futuro do mundo e da nossa plataforma de neg√≥cios, s√£o eles: Escuta Ativa, Colabora√ß√£o e Vis√£o de Longo Prazo, cada um abarcando outras compet√™ncias que fazem parte do nosso jeito de ser. Nos orgulhamos da nossa capacidade de realiza√ß√£o e paix√£o que nos trouxeram at√© aqui e para continuarmos a evoluir juntos te convidamos a fazer parte tamb√©m dessa jornada. Prazer, somos a Ambev e adorar√≠amos te ter com a gente. Vamos juntos?!Responsibilities and assignments Atua√ß√£o de forma integrada com diferentes setores da empresa, com o objetivo de identificar novas oportunidades de neg√≥cio. Realiza√ß√£o de an√°lises explorat√≥rias de dados e estrutura√ß√£o de estudos de viabilidade Desenvolvimento de estrat√©gias de investimento, avaliando o retorno dos projetos. Utiliza√ß√£o de conhecimento de avalia√ß√£o atuarial, modelagem estat√≠stica e minera√ß√£o de dados para analisar as oportunidades n√£o mapeadas. Estruturar problemas de neg√≥cio amb√≠guos em solu√ß√µes data-driven Estudos estat√≠sticos como an√°lise de s√©ries temporais, clustering, testes estat√≠sticos cl√°ssicos, regress√£o linear. Correlacionar dados e tirar aprendizados n√£o √≥bviosRequirements And Qualifications Gradua√ß√£o em: Estat√≠stica, Matem√°tica, Engenharia, Ci√™ncias Atuariais ou √°reas correlatas; 2/3 anos de experi√™ncia de mercado nessa √°rea; Modelos estat√≠sticos e preditivos: regress√£o, s√©ries temporais e proje√ß√µes; Conhecimento de econometria; Linguagem R, Python, SQL Ingl√™s intermedi√°rio.Diferenciais Excel Avan√ßado Power BI Gest√£o de Projetos Mini tab AccessAdditional informationBenef√≠cios: - Plano Odontol√≥gico; - Plano de Sa√∫de; - Venda de Produtos para funcion√°rios (as); - Aux√≠lio Refei√ß√£o / Alimenta√ß√£o ou refeit√≥rio no local dependendo da unidade; - Cesta de Natal + brinquedo para quem tem filhos(as); - Gympass; - Previd√™ncia privada; - Zenklub; - Gente 360.Seja bem-vindo √† AmbevENTRE PARA UM TIME QUE SONHA T√ÉO GRANDE COMO VOC√ä!Somos milhares de apaixonados e apaixonadas pelo que fazemos. Temos um orgulho imenso do nosso poder de impacto positivo e reconhecemos que, agindo como donos e donas, cada um de n√≥s desempenha um papel fundamental no sucesso do nosso ecossistema. Somado a isso, todas nossas grandes conquistas tem o sabor da colabora√ß√£o! Nosso sucesso √© compartilhado e acreditamos que por meio da colabora√ß√£o podemos encantar ainda mais o nossos clientes com as marcas que eles amam hoje, ao mesmo tempo em que podemos atender aos gostos de amanh√£.üçªA Nossa Cultura √© focada em construir um ambiente inclusivo e colaborativo, onde as pessoas possam ser o melhor delas mesmas - e nos ajudar a ser a nossa melhor vers√£o! Procuramos gente com paix√£o, curiosidade e coragem para fazer a diferen√ßa aqui.Acolhemos talentos diversos, porque acreditamos que grandes ideias v√™m de pessoas com diferentes trajet√≥rias. Oferecemos oportunidades para talentos que est√£o ingressando no mercado de trabalho e somos apaixonados por impulsionar a nossa gente.√â trabalhando e crescendo juntos que atingimos o nosso prop√≥sito: Sonhamos Grande por um Futuro com Mais Raz√µes para Brindar!"
16,Especialista de Dados Comercial - S√£o Paulo/SP,3847967502,2024-03-07,EuroChem Brasil,"S√£o Paulo, S√£o Paulo, Brazil",1 day ago,https://br.linkedin.com/jobs/view/especialista-de-dados-comercial-s%C3%A3o-paulo-sp-at-eurochem-brasil-3847967502?refId=MhcZ6wAlupgQ%2FnV1FQ4L9A%3D%3D&trackingId=XsvTe%2BwKu8GTalcizCyNqA%3D%3D&position=17&pageNum=0&trk=public_jobs_jserp-result_search-card,NA,NA,NA,NA,NA,NA
17,ANALISTA DE CONTROLE DE RECEITA,3837122171,2024-03-07,Movida Aluguel de Carros,"S√£o Paulo, S√£o Paulo, Brazil",2 weeks ago,https://br.linkedin.com/jobs/view/analista-de-controle-de-receita-at-movida-aluguel-de-carros-3837122171?refId=MhcZ6wAlupgQ%2FnV1FQ4L9A%3D%3D&trackingId=q%2F%2BbQbt3GudR%2BemqUs7%2B7g%3D%3D&position=18&pageNum=0&trk=public_jobs_jserp-result_search-card,NA,NA,NA,NA,NA,NA
18,ANALISTA DE BI JR,3848692576,2024-03-07,LogsUp Log√≠stica Sustent√°vel,"S√£o Paulo, S√£o Paulo, Brazil",10 hours ago,https://br.linkedin.com/jobs/view/analista-de-bi-jr-at-logsup-log%C3%ADstica-sustent%C3%A1vel-3848692576?refId=MhcZ6wAlupgQ%2FnV1FQ4L9A%3D%3D&trackingId=cgZ48SiHVTNOTFd62prvsg%3D%3D&position=19&pageNum=0&trk=public_jobs_jserp-result_search-card,Seja um dos 25 primeiros a se candidatar,Pleno-s√™nior,Tempo integral,"Pesquisa, Analista e Tecnologia da informa√ß√£o",Armazenamento e atividades auxiliares dos transportes,"Somos uma empresa com vasta experi√™ncia em presta√ß√£o de servi√ßos na √°rea de log√≠stica com ab ra ng√™ncia em toda a cadeia de suprimentos . Utilizamos ferramentas de intelig√™ncia artificial associadas a uma vis√£o t√©cnica rigorosa para obter sempre as melhores propostas para os nossos clientes e sempre considerando a sustentabilidade. Seu dia a dia como Analista de BI Jr: Coleta de Dados: Coletar e consolidar dados de v√°rias fontes internas e externas para criar uma base de dados s√≥lida e confi√°vel. An√°lise de Dados: Realizar an√°lises explorat√≥rias de dados para identificar tend√™ncias, padr√µes e insights valiosos que possam ser usados para tomar decis√µes informadas. Desenvolvimento de Relat√≥rios e Pain√©is: Criar relat√≥rios e pain√©is interativos usando ferramenta Power BI, para apresentar informa√ß√µes de forma clara e acess√≠vel para a equipe de gest√£o. Automatiza√ß√£o de Processos: Desenvolver solu√ß√µes de automa√ß√£o para agilizar a coleta e an√°lise de dados, melhorando a efici√™ncia dos processos de BI. Colabora√ß√£o com Departamentos: Trabalhar em estreita colabora√ß√£o com diferentes departamentos da empresa para entender suas necessidades de informa√ß√µes e fornecer suporte na interpreta√ß√£o de dados. Seguran√ßa de Dados: Garantir a seguran√ßa e confidencialidade dos dados, cumprindo as pol√≠ticas de prote√ß√£o de dados da empresa Para dar match nesta vaga, √© importante: Ensino Superior completo ou cursando em Ci√™ncia da Computa√ß√£o, Estat√≠stica, Engenharia da Computa√ß√£o ou √°rea relacionada Conhecimento em linguagens de programa√ß√£o , como SQL, Python Capacidade de trabalhar de forma independente e em equipe Habilidade de comunica√ß√£o e interpreta√ß√£o de dados Excel Intermedi√°rio Conhecimento em integra√ß√£o por APIBeneficiosForma√ß√£o Acad√™mica:N√£o informadoExperi√™nciaSal√°rio:A combinarCargoAnalista de BI (Intelig√™ncia de Mercado)EmpresaLOGSUP LOGISTICA SUSTENTAVELAtua com transporte e log√≠stica rodovi√°rio de carga.RamoLog√≠stica/Armaz√©ns(BH)"
19,#01 Banco de Talentos: Vem ser grupo OLX ;),3693571156,2024-03-07,Grupo OLX,"S√£o Paulo, S√£o Paulo, Brazil",2 days ago,https://br.linkedin.com/jobs/view/%2301-banco-de-talentos-vem-ser-grupo-olx-at-grupo-olx-3693571156?refId=MhcZ6wAlupgQ%2FnV1FQ4L9A%3D%3D&trackingId=gZteVcceB8o5Ltz8L%2BRD5A%3D%3D&position=20&pageNum=0&trk=public_jobs_jserp-result_search-card,NA,NA,NA,NA,NA,NA
20,Analista de Seguran√ßa da Informa√ß√£o J√∫nior,3804724815,2024-03-07,Ita√∫ Unibanco,"S√£o Paulo, S√£o Paulo, Brazil",1 month ago,https://br.linkedin.com/jobs/view/analista-de-seguran%C3%A7a-da-informa%C3%A7%C3%A3o-j%C3%BAnior-at-ita%C3%BA-unibanco-3804724815?refId=MhcZ6wAlupgQ%2FnV1FQ4L9A%3D%3D&trackingId=6CpzFHksLfI7thZakVMklA%3D%3D&position=21&pageNum=0&trk=public_jobs_jserp-result_search-card,Mais de 200 candidaturas,N√£o aplic√°vel,Tempo integral,Tecnologia da informa√ß√£o,Bancos,"A ger√™ncia de tecnologia atua em frentes de infraestrutura e seguran√ßa da informa√ß√£o sendo respons√°vel por toda a opera√ß√£o estrat√©gica de ciberseguran√ßa, desenvolvimento e acompanhamento de sistemas de gest√£o e governan√ßa, gest√£o de riscos e incidentes e monitoria de indicadores.Responsabilidades e atribui√ß√µesAcompanhar a implementa√ß√£o de medidas que protejam as informa√ß√µes da Funda√ß√£o atrav√©s das ferramentas disponibilizadas, trazendo solu√ß√µes e plano de a√ß√£o;Identificar amea√ßas e riscos de seguran√ßa da informa√ß√£o, aplicando a√ß√µes e corre√ß√µes para garantir a seguran√ßa dos dados e ativos da funda√ß√£o;Realizar e apoiar o monitoramento e controle de processos para identificar se est√£o adequados √†s medidas e pol√≠ticas de seguran√ßa da informa√ß√£o;Atuar na verifica√ß√£o e libera√ß√£o de acessos aos colaboradores;Fazer a gest√£o dos fornecedores de TI;Realizar a gest√£o de documentos (pol√≠ticas e procedimentos) relacionadas √† seguran√ßa da informa√ß√£o.Requisitos e qualifica√ß√µesGradua√ß√£o completa em Tecnologia da Informa√ß√£o, An√°lise e Desenvolvimento de Sistemas, Seguran√ßa da Informa√ß√£o, Engenharia de Software ou √°reas relacionadas;Habilidades com gest√£o de incidentes, amea√ßas e vulnerabilidade;Experi√™ncia anterior com sistema operacional (Windows ou Linux);Conhecimento em ferramenta de gerenciamento de usu√°rios de rede (ex. Microsoft Active Directory).Informa√ß√µes adicionaisBenef√≠cios CorporativosPlano de sa√∫dePlano odontol√≥gicoVale refei√ß√£oVale alimenta√ß√£oVale transporteAux√≠lio creche e bab√°Previd√™ncia complementarSeguro de vidaParcerias e vantagensProdutos financeirosIuppDesconto farm√°ciaAcademias parceiras - Gympass e TotalpassAcesso aos clubes Ita√∫ UnibancoA Funda√ß√£o Ita√∫ n√£o solicita pagamentos para realizar quaisquer sele√ß√µes e/ou exames admissionais. A plataforma Gupy √© o √∫nico canal para participa√ß√£o em processos seletivos da institui√ß√£o.O Ita√∫ ir√° utilizar os dados fornecidos para fins de processos seletivos, inclusive em bancos de vagas alocados em plataformas terceiras. Caso deseje solicitar oposi√ß√£o a este uso, ou exercer quaisquer um dos seus direitos, entre em contato atrav√©s de nossos canais, dispon√≠veis na Pol√≠tica de Privacidade de candidatos do Ita√∫ Unibanco (https://www.itau.com.br/privacidade/candidatos/). N√£o h√° necessidade de aceitar, trata-se apenas de uma ci√™ncia."
21,Analista de Log√≠stica Pleno,3782616646,2024-03-07,Sem Parar,"S√£o Paulo, S√£o Paulo, Brazil",2 months ago,https://br.linkedin.com/jobs/view/analista-de-log%C3%ADstica-pleno-at-sem-parar-3782616646?refId=MhcZ6wAlupgQ%2FnV1FQ4L9A%3D%3D&trackingId=4vjxYlsISF52pjouVLSjPg%3D%3D&position=22&pageNum=0&trk=public_jobs_jserp-result_search-card,NA,NA,NA,NA,NA,NA
22,Assistente administrativo de engenharia,3826478295,2024-03-07,Grand Hyatt S√£o Paulo,"S√£o Paulo, S√£o Paulo, Brazil",3 weeks ago,https://br.linkedin.com/jobs/view/assistente-administrativo-de-engenharia-at-grand-hyatt-s%C3%A3o-paulo-3826478295?refId=MhcZ6wAlupgQ%2FnV1FQ4L9A%3D%3D&trackingId=YMc9njIlEGRmKRBlx80yUA%3D%3D&position=23&pageNum=0&trk=public_jobs_jserp-result_search-card,NA,NA,NA,NA,NA,NA
23,Analista de Planejamento Estrat√©gico S√™nior,3835673777,2024-03-07,BRK Ambiental,"S√£o Paulo, S√£o Paulo, Brazil",2 weeks ago,https://br.linkedin.com/jobs/view/analista-de-planejamento-estrat%C3%A9gico-s%C3%AAnior-at-brk-ambiental-3835673777?refId=MhcZ6wAlupgQ%2FnV1FQ4L9A%3D%3D&trackingId=RJqFCvzrmOvUTbf3MDLZeA%3D%3D&position=24&pageNum=0&trk=public_jobs_jserp-result_search-card,Mais de 200 candidaturas,Pleno-s√™nior,Tempo integral,"Gest√£o de projetos, Estrat√©gia/Planejamento e Analista",Servi√ßos ambientais,"Voc√™ quer participar da transforma√ß√£o do saneamento no Brasil? Buscamos pessoas que, assim como n√≥s, t√™m vontade de ir al√©m do b√°sico para aplicar seus conhecimentos em um setor que est√° mudando a vida de milh√µes de brasileiros e brasileiras. Na BRK, respeito, diversidade e inclus√£o s√£o valores inegoci√°veis! Atuamos para promover um ambiente positivo, inovador, √©tico, inclusivo, seguro e de respeito √†s pessoas.Principais responsabilidades:Respons√°vel pela condu√ß√£o de projetos estrat√©gicos, contribuindo na elabora√ß√£o do planejamento, cronogramas, levantamento de dados, planos de a√ß√£o, indicadores de acompanhamento, documentos, relat√≥rios e apresenta√ß√µes;Atua√ß√£o como PMO de projetos selecionados;Conduzir projetos espec√≠ficos, garantindo as melhores pr√°ticas de mercado, a avalia√ß√£o de replicabilidade, bem como o retorno financeiro para a organiza√ß√£o;Suportar o andamento dos projetos, por meio de levantamento de informa√ß√µes, documenta√ß√£o e registros, elabora√ß√£o de relat√≥rios, indicadores de progresso, identificando desvios relacionados a prazos, custos, entregas, entre outros;Preparar apresenta√ß√µes de reporte dos avan√ßos dos projetos;Contribuir com os estudos sobre a viabilidade t√©cnica e financeira de projetos, selecionando e aplicando t√©cnicas e metodologias apropriadas √†s demandas, bem como apoiar a elabora√ß√£o de or√ßamentos;Contribuir com o desenvolvimento dos padr√µes e processos, manuais e documentos, sugerindo modifica√ß√µes para melhoria dos projetos da √°rea;Realizar e conduzir reuni√µes de acompanhamento dos projetos com CEO e Comit√™ Executivo.Requisitos:  Desej√°vel forma√ß√£o em Engenharia/ Administra√ß√£o / Economia / Contabilidade / Gest√£o Ambiental;Ingl√™s avan√ßado (desej√°vel);Gest√£o de Projetos;Pacote Office (Word, Excel Power Point e MS Project), Power BI;Metodologias de melhoria cont√≠nua - Lean / Six Sigma / Kaizen (desej√°vel);Gest√£o Financeira (desej√°vel);Sistemas de abastecimento, esgotamento sanit√°rio e tratamento de √°gua e esgoto Saneamento B√°sico (desej√°vel);Legisla√ß√£o, Normas e Procedimentos do Setor (desej√°vel);Necess√°rio disponibilidade para viagens;Bom relacionamento e comunica√ß√£o interpessoal;Habilidades em narrativa de apresenta√ß√µes.O que oferecemos:Assist√™ncia M√©dica, Assist√™ncia Odontol√≥gica, Vale Refei√ß√£o ou Alimenta√ß√£o, Seguro de Vida, Previd√™ncia Privada, Programa de Apoio Pessoal Viva Bem, Day Off, Licen√ßa Maternidade ou Paternidade estendida, PLR;+ Algumas vantagens que voc√™ pode conhecer durante o processo.A BRK √© uma das maiores empresas privadas de saneamento do pa√≠s e est√° presente em 13 estados e mais de 100 munic√≠pios, beneficiando a vida de mais de 16 milh√µes de pessoas. Investimos e operamos sistemas de √°gua e esgoto em 13 estados do Brasil, fornecendo um servi√ßo que faz toda a diferen√ßa para a sa√∫de e o bem-estar da popula√ß√£o.A BRK e seus acionistas est√£o comprometidos com um modelo de gest√£o ESG (da sigla em ingl√™s para Meio Ambiente, Social e Governan√ßa), incorporando esta estrat√©gia √† tomada de decis√µes da companhia e √† presta√ß√£o de servi√ßos.VEM SER BRK!"
24,Gerente Estudos de Mercado,3840330561,2024-03-07,Elera Renov√°veis,"S√£o Paulo, S√£o Paulo, Brazil",1 week ago,https://br.linkedin.com/jobs/view/gerente-estudos-de-mercado-at-elera-renov%C3%A1veis-3840330561?refId=MhcZ6wAlupgQ%2FnV1FQ4L9A%3D%3D&trackingId=wS93Uz%2Fu6K4tXa86yrJoCw%3D%3D&position=25&pageNum=0&trk=public_jobs_jserp-result_search-card,NA,NA,NA,NA,NA,NA
